time,
0.7257461547851562,
0.6852149963378906,
0.5872249603271484,
0.5218982696533203,
0.49948692321777344,
0.9074211120605469,
0.8678436279296875,
0.7982254028320312,
1.1157989501953125,
0.7269382476806641,
0.5848407745361328,
0.5233287811279297,
0.8387565612792969,
0.9100437164306641,
0.9913444519042969,
0.7281303405761719,
0.9062290191650391,
0.6740093231201172,
0.8866786956787109,
1.3775825500488281,
0.7822513580322266,
0.5409717559814453,
0.9276866912841797,
0.7643699645996094,
0.7917881011962891,
0.5621910095214844,
0.8761882781982422,
0.7622241973876953,
0.8535385131835938,
0.7319450378417969,
0.8985996246337891,
0.7176399230957031,
0.4894733428955078,
0.8983612060546875,
1.3301372528076172,
1.3659000396728516,
0.8313655853271484,
0.6864070892333984,
0.8575916290283203,
0.9131431579589844,
0.9858608245849609,
0.812530517578125,
0.5786418914794922,
1.283407211303711,
0.8308887481689453,
0.7410049438476562,
1.3170242309570312,
0.8804798126220703,
1.2912750244140625,
0.5996227264404297,
0.6482601165771484,
0.5509853363037109,
0.7045269012451172,
0.5826950073242188,
0.3840923309326172,
0.5195140838623047,
0.6427764892578125,
0.8609294891357422,
0.6039142608642578,
0.6892681121826172,
0.7812976837158203,
0.7746219635009766,
0.8692741394042969,
1.3339519500732422,
1.0461807250976562,
0.30493736267089844,
0.7147789001464844,
0.7009506225585938,
0.9477138519287109,
0.7193088531494141,
2.115964889526367,
1.2340545654296875,
1.0199546813964844,
0.7243156433105469,
0.9479522705078125,
0.33092498779296875,
0.8766651153564453,
0.6196498870849609,
0.7619857788085938,
0.5118846893310547,
1.1169910430908203,
0.8349418640136719,
1.277923583984375,
1.2366771697998047,
1.4171600341796875,
0.9560585021972656,
1.0704994201660156,
0.7343292236328125,
1.0066032409667969,
0.7975101470947266,
0.9801387786865234,
0.7314682006835938,
0.8480548858642578,
1.833200454711914,
1.0225772857666016,
1.1343955993652344,
1.0628700256347656,
0.7328987121582031,
0.8187294006347656,
0.8387565612792969,
0.6556510925292969,
0.5447864532470703,
0.5862712860107422,
0.7371902465820312,
0.8304119110107422,
1.0066032409667969,
0.8561611175537109,
0.69427490234375,
0.8609294891357422,
0.7889270782470703,
0.9429454803466797,
0.8051395416259766,
0.7202625274658203,
0.6663799285888672,
0.9002685546875,
0.7641315460205078,
0.6573200225830078,
0.8733272552490234,
1.1417865753173828,
0.9703636169433594,
0.9522438049316406,
0.8285045623779297,
0.9870529174804688,
0.7636547088623047,
1.0030269622802734,
0.797271728515625,
2.460002899169922,
0.8091926574707031,
0.5903244018554688,
1.1112689971923828,
1.0476112365722656,
1.0187625885009766,
0.9176731109619141,
0.8451938629150391,
1.0714530944824219,
1.2638568878173828,
0.9403228759765625,
0.7240772247314453,
1.210927963256836,
0.86212158203125,
0.9958744049072266,
1.680135726928711,
0.9241104125976562,
1.0225772857666016,
0.9634494781494141,
0.6427764892578125,
1.007080078125,
1.2674331665039062,
1.1553764343261719,
0.5338191986083984,
0.5905628204345703,
0.6797313690185547,
0.8938312530517578,
0.8082389831542969,
0.8482933044433594,
0.4887580871582031,
0.9636878967285156,
0.9400844573974609,
0.8008480072021484,
0.7309913635253906,
0.8625984191894531,
1.3527870178222656,
1.2476444244384766,
0.9677410125732422,
1.2252330780029297,
0.8499622344970703,
0.9071826934814453,
0.9324550628662109,
1.0235309600830078,
1.0352134704589844,
0.9150505065917969,
0.9064674377441406,
2.476930618286133,
0.6778240203857422,
0.9953975677490234,
0.4410743713378906,
1.0418891906738281,
1.0271072387695312,
1.3103485107421875,
0.8122920989990234,
1.180887222290039,
0.9675025939941406,
0.9267330169677734,
0.7665157318115234,
1.409292221069336,
1.0106563568115234,
1.0128021240234375,
1.337289810180664,
1.207113265991211,
0.6840229034423828,
0.9729862213134766,
0.7538795471191406,
0.9431838989257812,
0.8471012115478516,
1.1551380157470703,
1.2001991271972656,
0.9989738464355469,
1.6465187072753906,
1.0564327239990234,
0.7460117340087891,
0.8637905120849609,
0.5292892456054688,
0.7998943328857422,
0.8907318115234375,
0.6268024444580078,
1.2524127960205078,
0.40221214294433594,
0.8172988891601562,
0.9036064147949219,
0.6580352783203125,
0.316619873046875,
0.8325576782226562,
1.3082027435302734,
0.6291866302490234,
0.9555816650390625,
0.5223751068115234,
0.7929801940917969,
1.1467933654785156,
0.8614063262939453,
0.31375885009765625,
1.081705093383789,
0.7889270782470703,
1.1000633239746094,
1.3165473937988281,
1.1668205261230469,
1.0707378387451172,
0.8604526519775391,
0.6933212280273438,
1.2280941009521484,
0.8065700531005859,
1.308441162109375,
1.046895980834961,
0.9088516235351562,
1.0035037994384766,
0.9055137634277344,
0.7379055023193359,
1.1217594146728516,
0.7092952728271484,
1.13677978515625,
0.6892681121826172,
1.2178421020507812,
0.8535385131835938,
1.1854171752929688,
0.38933753967285156,
0.9229183197021484,
0.4870891571044922,
0.7753372192382812,
0.5259513854980469,
2.1514892578125,
0.8628368377685547,
1.0597705841064453,
0.9560585021972656,
0.5908012390136719,
0.9541511535644531,
0.9343624114990234,
1.012563705444336,
0.8335113525390625,
0.8351802825927734,
0.9341239929199219,
0.81634521484375,
0.5297660827636719,
0.8440017700195312,
0.8771419525146484,
1.1234283447265625,
0.9939670562744141,
0.9055137634277344,
1.1217594146728516,
0.7154941558837891,
1.0323524475097656,
0.5929470062255859,
0.8614063262939453,
0.6897449493408203,
1.0967254638671875,
1.2209415435791016,
0.8940696716308594,
0.9758472442626953,
0.6279945373535156,
0.4706382751464844,
0.5211830139160156,
0.6885528564453125,
0.8938312530517578,
0.6749629974365234,
0.9760856628417969,
0.6113052368164062,
0.7989406585693359,
0.8389949798583984,
1.020193099975586,
0.8730888366699219,
0.9396076202392578,
0.7512569427490234,
0.5686283111572266,
0.9593963623046875,
0.9236335754394531,
0.8096694946289062,
0.9424686431884766,
0.9839534759521484,
1.6193389892578125,
0.7982254028320312,
0.8306503295898438,
0.8051395416259766,
1.38092041015625,
0.7834434509277344,
1.0523796081542969,
0.7617473602294922,
1.1565685272216797,
1.1916160583496094,
0.8678436279296875,
1.0018348693847656,
0.6630420684814453,
1.0828971862792969,
0.7193088531494141,
0.8993148803710938,
0.8962154388427734,
0.8745193481445312,
1.302957534790039,
0.8168220520019531,
1.1756420135498047,
1.0998249053955078,
1.0342597961425781,
0.46944618225097656,
1.131296157836914,
0.9407997131347656,
0.8790493011474609,
0.7650852203369141,
1.325845718383789,
0.8120536804199219,
1.1701583862304688,
0.8134841918945312,
0.8740425109863281,
0.7762908935546875,
1.064300537109375,
0.9248256683349609,
1.1439323425292969,
0.8795261383056641,
1.1610984802246094,
0.8618831634521484,
1.2288093566894531,
1.119375228881836,
0.9796619415283203,
1.0921955108642578,
1.180410385131836,
0.7898807525634766,
1.0409355163574219,
0.8609294891357422,
0.9779930114746094,
1.2488365173339844,
0.9090900421142578,
0.8194446563720703,
0.8325576782226562,
0.7462501525878906,
0.5612373352050781,
0.4775524139404297,
0.5478858947753906,
1.2898445129394531,
1.3854503631591797,
0.5156993865966797,
0.6875991821289062,
0.5142688751220703,
0.9603500366210938,
0.7984638214111328,
0.8895397186279297,
0.9267330169677734,
1.0039806365966797,
0.7860660552978516,
0.9927749633789062,
0.7753372192382812,
1.018524169921875,
0.9028911590576172,
1.0180473327636719,
0.8475780487060547,
0.9126663208007812,
0.8513927459716797,
1.18255615234375,
1.069784164428711,
1.234292984008789,
1.1696815490722656,
1.1126995086669922,
0.9398460388183594,
0.7643699645996094,
0.5788803100585938,
1.1851787567138672,
0.6322860717773438,
1.947164535522461,
0.5681514739990234,
0.72479248046875,
0.7007122039794922,
0.21195411682128906,
0.6592273712158203,
0.9887218475341797,
